<?xml version="1.0" encoding="utf-8" ?>
<extension type="package" version="4.x" method="upgrade">
 <identifier>pkg:circulation</identifier>
 <name>Circulation Package</name>
 <author>KWProductions Co.</author>
 <creationDate>April 2017</creationDate>
 <license>GNU/GPLv3 http://www.gnu.org/licenses/gpl-3.0.html</license>
 <packagename>circulation</packagename>
 <version>1.0.0</version>
 <url>http://www.extenstions.kwproductions121.ir</url>
 <packager>Kian William Nowrouzian</packager>
 <packagerurl>http://www.extenstions.kwproductions121.ir</packagerurl>
 <description><![CDATA[<div style="color:#fff; background-color:#f015d9; padding:5px;">The complete package of circulation including both component and module  Enjoy!</div> ]]></description>
  <update>http://www.extenstions.kwproductions121.ir</update>
 <files>
   <file type="component" id="com_circulation" >admin.zip</file>
   <file type="module"  client="site">modules.zip</file>
   

</files>
 </extension>